post_id,influencer_id,platform,date,url,caption,reach,likes,comments,brand
POST_001,INF_014,YouTube,2025-06-04,https://youtube.com/p/rate-hour-left-we,Best issue interest level. Pull worker better.,69568,2237,437,MuscleBlaze
POST_002,INF_030,TikTok,2025-05-01,https://tiktok.com/p/compare-investment,Enough threat score choice. Painting response data plant enough.,86971,1074,139,MuscleBlaze
POST_003,INF_002,Instagram,2025-06-03,https://instagram.com/p/bag-you-use-rock,Along hard need involve among half value. Together decide economic.,22038,430,154,MuscleBlaze
POST_004,INF_050,Instagram,2025-06-30,https://instagram.com/p/since-window-go,Environment skin blue the teach. Current truth glass star the. Age cover foreign ten whom.,45575,2161,279,HKVitals
POST_005,INF_036,Twitter,2025-05-23,https://twitter.com/p/shoulder-stop,Never court professor here security. Past feeling nature a. Decision size parent focus kid.,523888,22160,1421,MuscleBlaze
POST_006,INF_036,Twitter,2025-07-15,https://twitter.com/p/any-election-may,Increase picture create recent manager during prevent. Throughout team those.,324174,8734,1686,Gritzo
POST_007,INF_009,Twitter,2025-04-28,https://twitter.com/p/cold-six-training,Strong like see appear weight. Practice sit prepare senior wear. Stuff perform draw list boy.,457987,22609,863,HKVitals
POST_008,INF_005,YouTube,2025-06-04,https://youtube.com/p/industry-year,Option store drug recent. Sure outside building worker site.,389319,5594,1060,Gritzo
POST_009,INF_035,Instagram,2025-06-18,https://instagram.com/p/person-executive,Everything late seek now. From management foot maintain great election.,141528,2454,730,MuscleBlaze
POST_010,INF_045,TikTok,2025-06-17,https://tiktok.com/p/party-home-material,State husband available picture. Charge specific we. Yes budget share paper.,60447,2674,113,Gritzo
POST_011,INF_022,YouTube,2025-06-30,https://youtube.com/p/long-avoid-right,Operation sound cup boy different chance enter central. Coach film see notice.,665582,32453,6214,MuscleBlaze
POST_012,INF_042,Twitter,2025-05-13,https://twitter.com/p/agree-benefit-drop,Capital explain thing machine ahead picture son. Financial add impact different.,241858,7075,2123,MuscleBlaze
POST_013,INF_048,Twitter,2025-05-13,https://twitter.com/p/treat-available,Relate specific history professional star wonder manager. Call whole forward. Them key moment lead.,273442,13511,926,HKVitals
POST_014,INF_034,Twitter,2025-05-28,https://twitter.com/p/serious-very-song,Pay doctor range. Young section its better plant. Kitchen really tough animal.,220161,10632,2192,Gritzo
POST_015,INF_016,YouTube,2025-07-15,https://youtube.com/p/effect-modern-while,Leave effect effort act source. Quality citizen kid generation onto.,541310,8764,1986,MuscleBlaze
POST_016,INF_024,Twitter,2025-07-05,https://twitter.com/p/skill-model-there,Parent good PM per question. Pick tough position final.,519781,6465,1986,MuscleBlaze
POST_017,INF_026,TikTok,2025-07-05,https://tiktok.com/p/sure-find-skin,Life away senior difficult. Whose source hand so add Mr. Happy see energy herself police he push.,97140,4543,561,MuscleBlaze
POST_018,INF_033,TikTok,2025-06-26,https://tiktok.com/p/hospital-religious,Onto risk those pressure street past. Allow have kitchen wear talk. Wonder happen top population.,63126,1100,401,Gritzo
POST_019,INF_011,Twitter,2025-05-22,https://twitter.com/p/peace-direction-tax,Similar small other everyone worker would. Economy company produce ago address so draw.,242615,11563,1486,Gritzo
POST_020,INF_007,Instagram,2025-07-07,https://instagram.com/p/interest-last-rich,Later direction fund law indeed believe. Fine effort well rather listen before.,108614,1442,751,Gritzo
POST_021,INF_018,Twitter,2025-06-27,https://twitter.com/p/health-tv-reduce,Why outside goal. Medical choice lot suggest glass news boy. Off southern suddenly window stand.,55147,1126,387,HKVitals
POST_022,INF_022,YouTube,2025-05-22,https://youtube.com/p/coach-somebody,Evening product magazine kind.,277735,4231,1891,HKVitals
POST_023,INF_023,Instagram,2025-06-01,https://instagram.com/p/speak-certain-south,Build market issue can mouth discover. Street south author technology amount affect TV.,663872,31487,719,Gritzo
POST_024,INF_013,Twitter,2025-07-03,https://twitter.com/p/nice-mrs-daughter,Someone option goal avoid left. Arm story baby. Past medical leg never. Last special prepare.,462300,5977,1349,HKVitals
POST_025,INF_039,Instagram,2025-05-08,https://instagram.com/p/attorney-girl,Position interest gun guy. Week game she court. Choice fast small medical.,401756,18173,3581,HKVitals
POST_026,INF_021,TikTok,2025-05-28,https://tiktok.com/p/own-let-main,Me industry class current painting their. Political them never.,36264,1572,265,Gritzo
POST_027,INF_039,Instagram,2025-07-14,https://instagram.com/p/hour-eat-imagine,Window attack moment medical write never hospital. Analysis hit health section ground attack drop.,250808,9208,1502,Gritzo
POST_028,INF_020,YouTube,2025-05-05,https://youtube.com/p/force-myself,Bad own state nation fly bag. Fill owner international ready goal.,484428,7446,987,MuscleBlaze
POST_029,INF_013,Twitter,2025-07-01,https://twitter.com/p/into-himself-must,Central parent sit. Call door population.,121081,2575,350,HKVitals
POST_030,INF_028,Twitter,2025-05-18,https://twitter.com/p/buy-everybody-stage,Meeting building cut catch so ago. Occur level work candidate this assume huge.,454638,20057,2522,HKVitals
POST_031,INF_019,Twitter,2025-04-28,https://twitter.com/p/worry-security-down,Keep machine daughter parent. Technology floor write generation human set.,115840,3121,404,MuscleBlaze
POST_032,INF_028,Twitter,2025-06-03,https://twitter.com/p/past-head-anything,Our successful pull experience account blue care. Road shake hand hundred now.,500423,17757,1680,Gritzo
POST_033,INF_021,TikTok,2025-06-17,https://tiktok.com/p/mr-interest-month,Case four listen.,83787,2271,91,MuscleBlaze
POST_034,INF_037,YouTube,2025-07-19,https://youtube.com/p/keep-past-foot,Relate real major look night. Explain of myself time house.,334781,10653,2849,Gritzo
POST_035,INF_047,TikTok,2025-07-01,https://tiktok.com/p/nice-draw-pull,"Including response beyond side.
Within citizen present thing little practice sense.",56808,857,214,MuscleBlaze
POST_036,INF_049,TikTok,2025-06-06,https://tiktok.com/p/control-world-wide,How staff second. Authority interest red must art thus worry line.,113738,2272,218,Gritzo
POST_037,INF_030,TikTok,2025-06-13,https://tiktok.com/p/cell-ready-trade,Year hotel camera without. Series without leg.,114166,4564,1065,MuscleBlaze
POST_038,INF_041,YouTube,2025-05-12,https://youtube.com/p/likely-piece,"Scientist I doctor describe tell.
Mean eye staff rule. Officer significant stand down then worry.",627106,26608,5601,MuscleBlaze
POST_039,INF_001,Twitter,2025-05-14,https://twitter.com/p/material-effect,Tax certain leg arm include. Newspaper care drug data position two.,16759,390,157,Gritzo
POST_040,INF_011,Twitter,2025-05-23,https://twitter.com/p/somebody-measure,Shake major rich science leave. College result major true my politics. Model stuff avoid stand.,181823,7544,358,MuscleBlaze
POST_041,INF_044,YouTube,2025-06-21,https://youtube.com/p/second-city-act,Reflect bar suddenly. Not teach believe month amount deep.,15786,673,81,HKVitals
POST_042,INF_025,YouTube,2025-05-21,https://youtube.com/p/glass-if-someone,May window approach join. Future shoulder western however.,18026,656,82,HKVitals
POST_043,INF_011,Twitter,2025-04-30,https://twitter.com/p/executive-class,First blood accept final growth especially. Beautiful issue news mention.,492545,10424,3336,HKVitals
POST_044,INF_033,TikTok,2025-07-17,https://tiktok.com/p/eight-owner-near,Catch feeling manage as. Every feel site guess want result. Order crime blood fight we forward per.,318228,10007,3008,MuscleBlaze
POST_045,INF_045,TikTok,2025-05-25,https://tiktok.com/p/decision-person,Agree road wall decide something story attorney. Pull cause field education child institution.,20432,991,69,MuscleBlaze
POST_046,INF_027,Twitter,2025-07-07,https://twitter.com/p/position-another,Miss give best reveal laugh. Feel special boy support. Quality clearly worker during.,60956,2385,233,Gritzo
POST_047,INF_045,TikTok,2025-06-26,https://tiktok.com/p/difficult-describe,Big the cost for leader energy television. Whole finish home hotel box goal leader.,16432,755,44,MuscleBlaze
POST_048,INF_011,Twitter,2025-07-21,https://twitter.com/p/certainly-paper,Main Mr try us. Never majority cell fire. People tend weight machine crime himself no.,256943,7913,2121,Gritzo
POST_049,INF_013,Twitter,2025-07-16,https://twitter.com/p/analysis-soon-serve,Wrong bill stop seem fear. Last give stage. Tend bring speech decide scene ready.,137962,3759,1316,HKVitals
POST_050,INF_007,Instagram,2025-07-10,https://instagram.com/p/end-sort-threat,Upon citizen lead yeah.,271699,11933,2031,HKVitals
POST_051,INF_026,TikTok,2025-06-25,https://tiktok.com/p/east-laugh-reality,Degree back order. Quite act receive stage write institution car.,70881,1866,327,HKVitals
POST_052,INF_022,YouTube,2025-07-01,https://youtube.com/p/research-character,Onto add democratic. We huge expert Republican.,183682,4925,1738,Gritzo
POST_053,INF_047,TikTok,2025-05-14,https://tiktok.com/p/election-before,Sign ahead southern evening. Enjoy window physical many.,148073,3263,878,MuscleBlaze
POST_054,INF_001,Twitter,2025-05-30,https://twitter.com/p/also-on-suggest,Customer nor fight performance less option.,8190,222,50,Gritzo
POST_055,INF_009,Twitter,2025-06-02,https://twitter.com/p/time-sing-short,Morning draw man art young. Behavior TV today mind red.,341066,9442,997,HKVitals
POST_056,INF_028,Twitter,2025-05-13,https://twitter.com/p/clearly-born,Finish building group show later leg system. Citizen rather step recent. Democrat task chance.,438954,9372,3061,Gritzo
POST_057,INF_011,Twitter,2025-06-03,https://twitter.com/p/statement-doctor,Head piece popular old else spend. Young cup position.,104853,5041,326,HKVitals
POST_058,INF_034,Twitter,2025-05-20,https://twitter.com/p/health-difficult,Evidence third alone people early. Material third look because him.,369391,5871,523,HKVitals
POST_059,INF_027,Twitter,2025-07-09,https://twitter.com/p/all-war-talk-start,Morning short yourself wind beyond prevent entire. Shake way offer work.,104785,1353,495,Gritzo
POST_060,INF_044,YouTube,2025-07-04,https://youtube.com/p/always-believe,Despite money a truth cut candidate response try. Arrive challenge relate center book money.,14576,551,79,MuscleBlaze
POST_061,INF_006,TikTok,2025-05-10,https://tiktok.com/p/perform-teacher,Safe family concern ability reduce. Hot yes whole allow own TV whose. Policy bit many former back.,129826,1327,1007,MuscleBlaze
POST_062,INF_027,Twitter,2025-06-15,https://twitter.com/p/blood-them-measure,Class available suffer far five. Avoid color heart rule. Walk within full world throw relate issue.,38183,1609,277,HKVitals
POST_063,INF_036,Twitter,2025-04-28,https://twitter.com/p/military-class-arm,"Because station person lose best deal.
List break size likely. Before name continue those hard.",395546,18471,827,MuscleBlaze
POST_064,INF_048,Twitter,2025-06-20,https://twitter.com/p/right-trial-would,Truth relate ever. Measure play buy air head order concern. Only glass clear thus see read expect.,424673,21027,2700,HKVitals
POST_065,INF_028,Twitter,2025-07-09,https://twitter.com/p/suddenly-across,Source figure whom poor interest heavy give edge. Few minute perhaps once account yourself whom.,524453,23957,2538,Gritzo
POST_066,INF_010,Instagram,2025-06-18,https://instagram.com/p/responsibility,Young else industry home along remain occur.,290768,11556,1532,HKVitals
POST_067,INF_042,Twitter,2025-05-23,https://twitter.com/p/share-system,Pressure develop development the inside thought. End family surface like term on.,432717,9127,3461,HKVitals
POST_068,INF_002,Instagram,2025-07-11,https://instagram.com/p/south-cold-might,Pass plant idea whole. Above move room wear throughout series.,39402,1087,292,MuscleBlaze
POST_069,INF_040,YouTube,2025-05-26,https://youtube.com/p/right-center-guess,Seek close trade speech affect difference. Deep against mean but. Heart policy side.,296073,13536,510,MuscleBlaze
POST_070,INF_013,Twitter,2025-05-21,https://twitter.com/p/much-serve-prepare,Size marriage participant sing. Win group important civil nature travel read.,213459,3439,624,HKVitals
POST_071,INF_044,YouTube,2025-06-13,https://youtube.com/p/two-among-together,Structure ready long instead though. Both receive around wall. Billion treat lot notice.,20473,586,31,HKVitals
POST_072,INF_012,Instagram,2025-06-10,https://instagram.com/p/speak-six-part,Blue increase unit study open sign. Leader operation mean white above save network.,413098,13782,2998,Gritzo
POST_073,INF_022,YouTube,2025-06-09,https://youtube.com/p/firm-threat-science,There institution actually blood herself. Prove customer seek. Worker raise chair artist.,421451,20107,1554,HKVitals
POST_074,INF_014,YouTube,2025-06-14,https://youtube.com/p/red-anyone-with-i,American evidence enough claim suffer accept. Report choice child follow anything usually past.,289102,11386,2370,MuscleBlaze
POST_075,INF_018,Twitter,2025-06-23,https://twitter.com/p/finally-discover,Some newspaper offer direction.,43505,1193,54,HKVitals
POST_076,INF_005,YouTube,2025-07-16,https://youtube.com/p/policy-before,Others Mr water fight security tough gas.,339202,8877,843,HKVitals
POST_077,INF_031,Instagram,2025-05-08,https://instagram.com/p/heavy-career-remain,Expect attorney cover magazine. Pattern figure once not hair first.,710946,22298,6513,Gritzo
POST_078,INF_015,YouTube,2025-07-03,https://youtube.com/p/the-challenge-vote,Safe phone road throughout support. All old if operation trade necessary myself your.,27669,369,134,HKVitals
POST_079,INF_018,Twitter,2025-05-15,https://twitter.com/p/like-collection,Close baby poor deep cost gun. Produce increase form box.,23194,583,67,HKVitals
POST_080,INF_021,TikTok,2025-06-04,https://tiktok.com/p/your-bed-direction,She travel base our myself election accept. Official brother according.,109066,2744,847,HKVitals
POST_081,INF_009,Twitter,2025-05-24,https://twitter.com/p/hospital-operation,Write officer similar huge catch. Security land record class. Meet skill song pass range.,548632,15807,4247,MuscleBlaze
POST_082,INF_009,Twitter,2025-06-05,https://twitter.com/p/market-with-plan,Enjoy he participant right. Pass minute represent our watch star.,205970,2625,1980,MuscleBlaze
POST_083,INF_039,Instagram,2025-04-25,https://instagram.com/p/since-score,Expect stop trip give white everybody paper. Lawyer identify above company media.,407861,7331,482,MuscleBlaze
POST_084,INF_038,Twitter,2025-05-22,https://twitter.com/p/meet-but-evening,Quality discover firm western might. Red enjoy expert. Purpose start away use live government.,142804,5252,867,MuscleBlaze
POST_085,INF_014,YouTube,2025-06-20,https://youtube.com/p/and-thus-meet-hot,Purpose here beyond.,357547,14543,897,Gritzo
POST_086,INF_018,Twitter,2025-05-06,https://twitter.com/p/such-single-citizen,Instead care throw piece.,110559,1829,420,Gritzo
POST_087,INF_036,Twitter,2025-04-25,https://twitter.com/p/have-trip-respond,Office power company sister great pull maintain. Threat high expert place certain cold space.,605378,19996,5552,HKVitals
POST_088,INF_024,Twitter,2025-06-11,https://twitter.com/p/easy-recently-enter,Cold billion as these nature. Side model you.,641494,11504,4059,Gritzo
POST_089,INF_049,TikTok,2025-05-23,https://tiktok.com/p/heavy-traditional,Expert movement reach man sense federal. Something others someone nature country think.,78877,3226,682,Gritzo
POST_090,INF_046,TikTok,2025-05-07,https://tiktok.com/p/school-prevent,Affect anyone movement control bill especially. Road do character management game find.,89156,2909,122,Gritzo
POST_091,INF_039,Instagram,2025-06-15,https://instagram.com/p/end-sing-along,Miss word list race. View city rock seat near. Education police cup thought.,300306,3831,2050,MuscleBlaze
POST_092,INF_049,TikTok,2025-06-14,https://tiktok.com/p/behind-energy-coach,Full wide service art green child movie blue. Discussion word small series south just cover.,311047,4423,3000,Gritzo
POST_093,INF_048,Twitter,2025-06-19,https://twitter.com/p/move-hundred,People hair per. Return probably much hold model marriage.,445492,12215,3387,Gritzo
POST_094,INF_019,Twitter,2025-05-26,https://twitter.com/p/never-price-science,Hand paper audience. Pretty up story life police.,373777,17487,2979,HKVitals
POST_095,INF_030,TikTok,2025-06-16,https://tiktok.com/p/energy-over-process,See indeed black police group learn professor. Coach Congress husband front.,99024,3337,386,MuscleBlaze
POST_096,INF_048,Twitter,2025-05-03,https://twitter.com/p/size-environmental,Where a alone expect administration career three. Feel develop talk. Sign wall state.,221018,6195,1713,Gritzo
POST_097,INF_038,Twitter,2025-07-09,https://twitter.com/p/side-system-part-i,Girl stage indicate test thank dinner. Up plant place approach modern floor north force.,430436,10096,2345,HKVitals
POST_098,INF_009,Twitter,2025-05-15,https://twitter.com/p/official-inside,Maybe similar candidate care nice maintain. Cultural pattern save east author since food.,353725,8557,1176,HKVitals
POST_099,INF_017,TikTok,2025-07-07,https://tiktok.com/p/should-tonight-bed,We unit than star add.,172803,3637,188,MuscleBlaze
POST_100,INF_023,Instagram,2025-05-02,https://instagram.com/p/western-record-new,Art customer recent even. Pressure across home even system process ten.,237964,6248,1426,MuscleBlaze
POST_101,INF_013,Twitter,2025-07-19,https://twitter.com/p/bit-well-four,Involve training show prevent. True fish newspaper we brother fish they. She they increase.,251231,9665,1264,MuscleBlaze
POST_102,INF_006,TikTok,2025-05-03,https://tiktok.com/p/throughout-point,System man case cover. Impact why understand. Development provide dark daughter computer western.,71029,1859,226,Gritzo
POST_103,INF_016,YouTube,2025-07-05,https://youtube.com/p/and-understand-else,Worker always hold share while couple. Huge fight still leave institution party. Ready tough less.,321717,10339,1317,Gritzo
POST_104,INF_032,TikTok,2025-07-01,https://tiktok.com/p/seat-listen-protect,Religious risk window partner civil nearly analysis. Treatment not process change.,275705,10508,947,HKVitals
POST_105,INF_011,Twitter,2025-05-21,https://twitter.com/p/modern-top-moment,Third down open little improve bag outside each.,116956,2070,242,Gritzo
POST_106,INF_049,TikTok,2025-07-19,https://tiktok.com/p/feel-popular-recent,"Let someone scene. Son yourself increase free night.
Political real effort. Film media food accept.",105705,1971,566,Gritzo
POST_107,INF_010,Instagram,2025-07-06,https://instagram.com/p/resource-four-one,Officer forward trouble somebody at.,312965,9697,1110,MuscleBlaze
POST_108,INF_039,Instagram,2025-05-16,https://instagram.com/p/model-understand,Stop few modern company hear also dark. Kitchen agent lot matter. Future low them financial force.,163934,4005,609,Gritzo
POST_109,INF_030,TikTok,2025-06-29,https://tiktok.com/p/manage-visit-any,Against serve police decide customer. Everybody five kid brother chance. Boy when nice bill my.,27546,325,41,HKVitals
POST_110,INF_014,YouTube,2025-07-20,https://youtube.com/p/think-road-scene,Issue woman note garden reason community prove school. Student boy other foot best knowledge final.,461384,16385,3587,MuscleBlaze
POST_111,INF_043,Twitter,2025-04-23,https://twitter.com/p/film-in-power,Day theory feel some quickly. Response trip wrong old particularly member. System artist too whose.,59368,1708,294,MuscleBlaze
POST_112,INF_022,YouTube,2025-04-28,https://youtube.com/p/friend-seek-idea,Safe inside whether sometimes eye along type. Risk nor article list college. Prevent factor say.,268804,11953,544,MuscleBlaze
POST_113,INF_024,Twitter,2025-06-12,https://twitter.com/p/power-fast-face,Scientist page travel. Process have compare site.,375435,12419,2694,MuscleBlaze
POST_114,INF_027,Twitter,2025-05-11,https://twitter.com/p/thousand-hair-arm,Apply less live live. Do raise hope enjoy most itself eye.,100711,4830,177,MuscleBlaze
POST_115,INF_038,Twitter,2025-05-07,https://twitter.com/p/couple-form-officer,"Activity best billion land.
Edge alone people arm order. Wear point remain build task.",371995,9912,2367,Gritzo
POST_116,INF_033,TikTok,2025-05-20,https://tiktok.com/p/specific-late-role,Movement which ball least short possible. Never whose produce federal.,260059,6557,2386,HKVitals
POST_117,INF_006,TikTok,2025-07-06,https://tiktok.com/p/task-listen-admit,Front return if deep. Learn question them chance often under already. Major affect trade peace.,184098,4089,1213,Gritzo
POST_118,INF_037,YouTube,2025-05-04,https://youtube.com/p/born-build-modern,American beyond suggest partner sing administration main according. Unit religious order exist.,348745,6386,1011,Gritzo
POST_119,INF_033,TikTok,2025-05-02,https://tiktok.com/p/eat-dark-buy-next,Time return or for. Section together discover body direction.,84911,1439,142,MuscleBlaze
POST_120,INF_024,Twitter,2025-06-13,https://twitter.com/p/lot-service,Per friend usually method. Thousand book half people half compare.,351035,11848,1271,MuscleBlaze
POST_121,INF_018,Twitter,2025-05-28,https://twitter.com/p/hotel-hair-local,Stop like mother stay tonight later happy. Could this beautiful hospital. Eye what body every.,102052,3890,519,Gritzo
POST_122,INF_030,TikTok,2025-05-21,https://tiktok.com/p/yourself-nature,Expect win stuff realize project child draw. Year off kid.,109061,4527,722,Gritzo
POST_123,INF_042,Twitter,2025-05-17,https://twitter.com/p/low-without-front,Wish former relate listen face want wonder.,250103,7948,1707,HKVitals
POST_124,INF_016,YouTube,2025-05-10,https://youtube.com/p/political-put-day,Goal within them because road know. Sound eye south wife interest to.,134667,2240,507,Gritzo
POST_125,INF_003,TikTok,2025-07-03,https://tiktok.com/p/someone-who-certain,Face make state few one management. Different social child feel policy PM buy.,461928,12733,2410,HKVitals
POST_126,INF_001,Twitter,2025-07-20,https://twitter.com/p/evening-production,Sell myself their step rate feeling rate read. Move goal century carry.,10393,217,60,HKVitals
POST_127,INF_022,YouTube,2025-05-02,https://youtube.com/p/seem-ok-scientist,Leave baby standard type look find. Catch kind would mission wide common.,503762,22959,3834,Gritzo
POST_128,INF_029,TikTok,2025-05-24,https://tiktok.com/p/large-rock-source,Affect machine issue cultural. Soldier message arrive.,111306,2132,786,Gritzo
POST_129,INF_010,Instagram,2025-07-06,https://instagram.com/p/happen-he-college,Democrat dinner both world buy book. Many guess explain reveal. Foreign break exist outside.,305747,15282,2155,HKVitals
POST_130,INF_003,TikTok,2025-07-04,https://tiktok.com/p/require-bed-call,Perform benefit baby seem should. Dark product make energy gas teacher national.,79483,3199,416,Gritzo
POST_131,INF_015,YouTube,2025-06-17,https://youtube.com/p/cost-onto-receive,Man care resource maintain. Notice make network much.,36358,627,227,Gritzo
POST_132,INF_007,Instagram,2025-06-23,https://instagram.com/p/end-easy-raise,Song little decide somebody prepare few sound. Professional finish increase economy middle public.,661392,19048,3092,HKVitals
POST_133,INF_016,YouTube,2025-07-16,https://youtube.com/p/skin-reveal,Improve team treat plant suffer environment. Position either over image box.,155528,2555,731,HKVitals
POST_134,INF_045,TikTok,2025-05-28,https://tiktok.com/p/fall-reason-oil,Site area to finish fear as western.,51201,1332,401,MuscleBlaze
POST_135,INF_025,YouTube,2025-06-19,https://youtube.com/p/pattern-since-in,Design blood degree ever impact television. Make hear we first.,11380,228,23,HKVitals
POST_136,INF_037,YouTube,2025-06-26,https://youtube.com/p/old-if-for-purpose,Movement door kind account. Until truth feeling view series father. Trouble place these short.,309515,3109,2731,HKVitals
POST_137,INF_024,Twitter,2025-06-13,https://twitter.com/p/long-run-ahead,Picture social carry husband.,116582,3583,769,HKVitals
POST_138,INF_028,Twitter,2025-07-11,https://twitter.com/p/wind-open-radio,Unit executive theory party seven enough. Job close say man wear new.,320245,3863,1089,MuscleBlaze
POST_139,INF_027,Twitter,2025-05-28,https://twitter.com/p/couple-they-concern,Ball store process. Pick especially price forget analysis performance laugh.,61332,2326,128,Gritzo
POST_140,INF_030,TikTok,2025-07-08,https://tiktok.com/p/commercial,Range feel eat into. Answer baby and blue interesting behind produce.,96323,3697,365,MuscleBlaze
POST_141,INF_024,Twitter,2025-07-01,https://twitter.com/p/bar-skin-pm-event,Move accept bring commercial local reality. Rise field spend pattern real white push source.,325884,6187,2793,MuscleBlaze
POST_142,INF_049,TikTok,2025-06-20,https://tiktok.com/p/produce-toward,Southern front box. Building difference election future great. Show news to.,351244,12612,837,Gritzo
POST_143,INF_033,TikTok,2025-05-29,https://tiktok.com/p/radio-himself-good,Summer keep indeed shoulder. Strong list expert commercial entire.,184517,3863,1570,HKVitals
POST_144,INF_044,YouTube,2025-05-23,https://youtube.com/p/nation-yet,Fire word clearly article service produce. Total around place require.,25914,409,70,Gritzo
POST_145,INF_009,Twitter,2025-06-26,https://twitter.com/p/range-interview,Base Mr hope rest they. Yeah exist behavior necessary miss serious civil.,498907,7713,812,HKVitals
POST_146,INF_039,Instagram,2025-06-04,https://instagram.com/p/hotel-event-product,Answer prepare by fear. Law work south. Not thus physical mouth other go expect size.,402125,12188,3371,HKVitals
POST_147,INF_035,Instagram,2025-05-30,https://instagram.com/p/per-operation,Tend religious occur someone. Night buy nice court peace.,490195,16272,3401,MuscleBlaze
POST_148,INF_016,YouTube,2025-06-18,https://youtube.com/p/join-agent-trade,Walk tonight appear dream others door. Sell his boy art let imagine machine.,428287,10195,2555,Gritzo
POST_149,INF_014,YouTube,2025-06-09,https://youtube.com/p/land-which-one-live,Which per president cold art two event.,253923,5807,685,Gritzo
POST_150,INF_029,TikTok,2025-05-22,https://tiktok.com/p/lay-develop-popular,New recent major hotel ball theory. Much throughout staff knowledge.,471460,9119,3762,MuscleBlaze
POST_151,INF_021,TikTok,2025-06-01,https://tiktok.com/p/act-do-situation,Course staff personal space determine woman. Already manage region paper according worker.,107073,4091,888,HKVitals
POST_152,INF_044,YouTube,2025-07-15,https://youtube.com/p/room-resource-no,Third ability interview pull practice take follow. Ever quite level guess service this.,40418,1458,95,MuscleBlaze
POST_153,INF_006,TikTok,2025-05-08,https://tiktok.com/p/system-ago-sing,People shake personal often beat art almost finish. Site artist sort area.,104838,3523,925,HKVitals
POST_154,INF_026,TikTok,2025-05-04,https://tiktok.com/p/west-page-card,Green loss per control case. Art find job. Find those simply challenge final garden.,104848,2964,786,HKVitals
POST_155,INF_014,YouTube,2025-07-14,https://youtube.com/p/role-manage-plan,Contain wrong guy available air boy. Key place tree growth wish.,472364,6137,3794,HKVitals
POST_156,INF_008,Twitter,2025-06-04,https://twitter.com/p/research-certain,Very figure drive special produce wait. Think there assume certain under some court her.,191869,4969,330,HKVitals
POST_157,INF_003,TikTok,2025-07-17,https://tiktok.com/p/quite-society-mr,Dinner rich decide do only need. Reveal left social fine could show recently.,435077,10964,1675,Gritzo
POST_158,INF_023,Instagram,2025-06-23,https://instagram.com/p/down-kind-large,Movie long attention western. Candidate day it report little.,628794,7190,1015,Gritzo
POST_159,INF_042,Twitter,2025-07-18,https://twitter.com/p/prepare-significant,Short for late education media left available. High second talk however action boy true.,468413,23372,3616,HKVitals
POST_160,INF_021,TikTok,2025-05-04,https://tiktok.com/p/send-already-walk,Star quite as when benefit structure.,108962,4157,207,MuscleBlaze
POST_161,INF_046,TikTok,2025-07-19,https://tiktok.com/p/interest-ready-four,Learn at spring practice hard. Those in should matter. Republican social two notice.,41993,468,164,MuscleBlaze
POST_162,INF_029,TikTok,2025-05-29,https://tiktok.com/p/today-reflect-meet,Part one him. Me relate actually again serve. Final scene serious people.,330723,9004,1057,HKVitals
POST_163,INF_033,TikTok,2025-07-03,https://tiktok.com/p/life-single,Contain picture ask man west appear. Voice by community nature. Door back right find return.,233476,4016,601,Gritzo
POST_164,INF_003,TikTok,2025-06-09,https://tiktok.com/p/soon-clearly-ten,Seven into bar. Organization check risk either less. Exist no lose four resource cultural trouble.,331048,6499,3050,MuscleBlaze
POST_165,INF_005,YouTube,2025-05-21,https://youtube.com/p/interview-wish-just,Himself film would author those yeah. His not create job. Side seem give remember play.,249246,5024,822,MuscleBlaze
POST_166,INF_030,TikTok,2025-06-20,https://tiktok.com/p/lose-yet,Easy official production claim bring. Popular true huge only.,106740,3960,258,HKVitals
POST_167,INF_038,Twitter,2025-06-05,https://twitter.com/p/page-standard,Especially decide security recognize. Would staff ability. Similar individual indicate explain.,599980,13179,5794,Gritzo
POST_168,INF_022,YouTube,2025-05-24,https://youtube.com/p/provide-compare,Help everybody garden one. Magazine set act entire western program smile.,407754,9005,4075,HKVitals
POST_169,INF_018,Twitter,2025-05-05,https://twitter.com/p/sort-exactly-work,Later rather thank method produce about. Admit growth animal space for know.,45641,1500,281,Gritzo
POST_170,INF_044,YouTube,2025-05-29,https://youtube.com/p/conference-some-yet,Itself respond civil upon. Short detail election live today but.,7121,307,32,MuscleBlaze
POST_171,INF_035,Instagram,2025-07-03,https://instagram.com/p/i-ready-quality,Professional opportunity blood across system firm staff. Student matter lay own certainly.,503992,20730,4920,Gritzo
POST_172,INF_045,TikTok,2025-06-24,https://tiktok.com/p/film-sea-however,Still decision run special. Type simply task. Federal spring treatment city again hot.,62024,2860,495,MuscleBlaze
POST_173,INF_027,Twitter,2025-07-08,https://twitter.com/p/deal-simple-rather,Of of event seat some Congress machine popular.,99739,1871,270,HKVitals
POST_174,INF_010,Instagram,2025-07-17,https://instagram.com/p/reason-water-buy,Data picture especially plan population research nor. Painting information child yeah its ago page.,251172,10222,1790,MuscleBlaze
POST_175,INF_006,TikTok,2025-07-11,https://tiktok.com/p/doctor-human-book,Money then open southern. More red tend necessary.,39004,1368,52,HKVitals
POST_176,INF_012,Instagram,2025-04-26,https://instagram.com/p/success-management,Weight minute responsibility under director. Water image fine bed.,284849,11192,515,HKVitals
POST_177,INF_023,Instagram,2025-06-02,https://instagram.com/p/movie-work-side,Grow that cup. Expect card inside former all. Way where work budget major.,551436,9388,1207,Gritzo
POST_178,INF_016,YouTube,2025-06-07,https://youtube.com/p/media-figure-father,Easy check memory economic short ten. Project investment listen situation billion.,423430,19706,3588,HKVitals
POST_179,INF_020,YouTube,2025-06-22,https://youtube.com/p/late-quickly,Especially exactly go individual. Time consider a produce focus experience.,497170,10841,4391,MuscleBlaze
POST_180,INF_009,Twitter,2025-06-20,https://twitter.com/p/newspaper-point-hot,Once beautiful blood picture own. Only treatment pressure.,620443,9697,6017,Gritzo
POST_181,INF_030,TikTok,2025-07-17,https://tiktok.com/p/understand-song,Seek his single husband even contain. Occur option across up.,114790,5589,946,HKVitals
POST_182,INF_029,TikTok,2025-05-03,https://tiktok.com/p/than-develop-nor,Plan win foot watch this enough.,615859,6501,3589,HKVitals
POST_183,INF_012,Instagram,2025-06-08,https://instagram.com/p/statement-past-born,"Between himself body add store various car show.
Voice outside society act. My stand system be.",321618,11865,2013,Gritzo
POST_184,INF_002,Instagram,2025-06-08,https://instagram.com/p/much-various-think,Treatment agency interview. Government expert TV range.,25904,501,31,Gritzo
POST_185,INF_030,TikTok,2025-06-02,https://tiktok.com/p/plan-course-respond,Person expert then even material. Usually specific represent baby able value.,108176,2039,169,HKVitals
POST_186,INF_029,TikTok,2025-07-20,https://tiktok.com/p/speak-image-head,Loss win own PM catch want. Himself near much manage movie. His ok instead official really.,293599,7731,662,MuscleBlaze
POST_187,INF_013,Twitter,2025-05-30,https://twitter.com/p/chair-financial,Will tree drug still argue case while. Help ago who he.,462231,6769,1439,Gritzo
POST_188,INF_016,YouTube,2025-05-09,https://youtube.com/p/its-seven-green,"Born art politics page community.
How interest way. Never stop try maybe remember interest church.",334052,8298,3188,Gritzo
POST_189,INF_044,YouTube,2025-06-30,https://youtube.com/p/arm-suggest-hot,Establish bit guy single friend. Executive must assume others series. Could cut upon drive be.,24287,963,58,HKVitals
POST_190,INF_020,YouTube,2025-07-14,https://youtube.com/p/blood-morning,Onto him only. Face charge leg.,108314,3203,506,HKVitals
POST_191,INF_007,Instagram,2025-04-26,https://instagram.com/p/bill-support,Natural why sit beautiful behind. College fast attention office government author.,495570,9262,2478,MuscleBlaze
POST_192,INF_019,Twitter,2025-06-07,https://twitter.com/p/hour-because-rest,Should current forget fish you main. Boy lawyer nation we certainly degree nothing.,119316,4465,703,Gritzo
POST_193,INF_027,Twitter,2025-06-06,https://twitter.com/p/guess-some-finish,Walk loss movement six whole join. Home act situation others back property pattern.,21473,451,208,HKVitals
POST_194,INF_010,Instagram,2025-05-03,https://instagram.com/p/cut-respond-part,Brother officer hot several true study city. Data behavior join pick order agreement.,225226,8033,1435,MuscleBlaze
POST_195,INF_016,YouTube,2025-04-28,https://youtube.com/p/particularly-trial,Until but center energy Congress back suddenly. Hospital make against available where.,584291,11535,1246,Gritzo
POST_196,INF_011,Twitter,2025-05-18,https://twitter.com/p/top-almost-buy-gun,Investment control early Democrat he certain. Business five action forget let somebody.,93856,3811,268,MuscleBlaze
POST_197,INF_025,YouTube,2025-05-21,https://youtube.com/p/tax-front-decade,Material wrong instead buy commercial force him.,23232,369,211,MuscleBlaze
POST_198,INF_025,YouTube,2025-05-27,https://youtube.com/p/themselves-suffer,First generation bag simple management. Hotel recent lawyer.,49344,779,107,HKVitals
POST_199,INF_025,YouTube,2025-05-14,https://youtube.com/p/accept-world-rise,Third amount answer fight enough.,12457,556,27,HKVitals
POST_200,INF_044,YouTube,2025-05-22,https://youtube.com/p/total-describe-run,True history laugh per data. Could everyone clearly film thank possible.,31622,336,107,MuscleBlaze
